{
  "timestamp": 1754574393.0536382,
  "position": {
    "x": -1.2501280307769775,
    "y": 0.45745015144348145,
    "z": 0.75
  },
  "orientation": {
    "x": 0.0,
    "y": 0.0,
    "z": -0.4491904782375127,
    "w": 0.8934360157620436
  }
}