{
  "timestamp": 1754574393.6536295,
  "position": {
    "x": -1.3938990831375122,
    "y": 0.67619788646698,
    "z": 0.75
  },
  "orientation": {
    "x": 0.0,
    "y": 0.0,
    "z": -0.4841603415603885,
    "w": 0.8749792932750625
  }
}