{
  "timestamp": 1754574394.6486332,
  "position": {
    "x": -1.6339411735534668,
    "y": 0.9131233096122742,
    "z": 0.75
  },
  "orientation": {
    "x": 0.0,
    "y": 0.0,
    "z": -0.3411274595779407,
    "w": 0.9400170510804048
  }
}