{
  "timestamp": 1754574403.053652,
  "position": {
    "x": -1.973605990409851,
    "y": 3.4487240314483643,
    "z": 0.75
  },
  "orientation": {
    "x": 0.0,
    "y": 0.0,
    "z": -0.7109446918672356,
    "w": 0.7032479257742617
  }
}