{
  "timestamp": 1755491700.5355082,
  "position": {
    "x": 3.8783187866210938,
    "y": 0.9947123527526855,
    "z": 0.75
  },
  "orientation": {
    "x": 0.0,
    "y": 0.0,
    "z": 0.07152402534725608,
    "w": 0.9974388772241259
  }
}