{
  "timestamp": 1755257197.266432,
  "position": {
    "x": 3.9081177711486816,
    "y": 1.0369377136230469,
    "z": 0.75
  },
  "orientation": {
    "x": 0.0,
    "y": 0.0,
    "z": 0.025881693193742956,
    "w": 0.999665012870524
  }
}