{
  "timestamp": 1755257198.0665436,
  "position": {
    "x": 4.144688129425049,
    "y": 1.0351678133010864,
    "z": 0.75
  },
  "orientation": {
    "x": 0.0,
    "y": 0.0,
    "z": -0.018379782036626716,
    "w": 0.9998310775387441
  }
}