{
  "timestamp": 1755491700.9356182,
  "position": {
    "x": 3.9949710369110107,
    "y": 1.008262038230896,
    "z": 0.75
  },
  "orientation": {
    "x": 0.0,
    "y": 0.0,
    "z": 0.04467306942856223,
    "w": 0.9990016600926301
  }
}