{
  "timestamp": 1754574403.653628,
  "position": {
    "x": -1.9796630144119263,
    "y": 3.5471599102020264,
    "z": 0.75
  },
  "orientation": {
    "x": 0.0,
    "y": 0.0,
    "z": -0.6634232612591197,
    "w": 0.7482443293606132
  }
}