{
  "timestamp": 1755005755.0647895,
  "position": {
    "x": 3.8650119304656982,
    "y": 0.9767374992370605,
    "z": 0.75
  },
  "orientation": {
    "x": 0.0,
    "y": 0.0,
    "z": 0.0432387601156291,
    "w": 0.9990647674819001
  }
}