{
  "timestamp": 1755491701.9355254,
  "position": {
    "x": 4.387624740600586,
    "y": 0.9964690208435059,
    "z": 0.75
  },
  "orientation": {
    "x": 0.0,
    "y": 0.0,
    "z": -0.060157177163150194,
    "w": 0.998188917007077
  }
}