{
  "timestamp": 1755257199.0665214,
  "position": {
    "x": 4.499242782592773,
    "y": 0.9968430995941162,
    "z": 0.75
  },
  "orientation": {
    "x": 0.0,
    "y": 0.0,
    "z": -0.07743731444157932,
    "w": 0.9969972228306737
  }
}