{
  "timestamp": 1755005756.0648596,
  "position": {
    "x": 4.233988285064697,
    "y": 0.9734088778495789,
    "z": 0.75
  },
  "orientation": {
    "x": 0.0,
    "y": 0.0,
    "z": -0.052658561957120355,
    "w": 0.9986125754528671
  }
}