{
  "timestamp": 1754574404.6486483,
  "position": {
    "x": -1.938331127166748,
    "y": 3.0757856369018555,
    "z": 0.75
  },
  "orientation": {
    "x": 0.0,
    "y": 0.0,
    "z": -0.7068026417584011,
    "w": 0.7074107898550497
  }
}