{
  "timestamp": 1755491702.9355035,
  "position": {
    "x": 4.646202087402344,
    "y": 0.9629793763160706,
    "z": 0.75
  },
  "orientation": {
    "x": 0.0,
    "y": 0.0,
    "z": -0.03406871840556789,
    "w": 0.9994194927187493
  }
}