{
  "timestamp": 1755005757.0647964,
  "position": {
    "x": 4.506892681121826,
    "y": 0.9391589760780334,
    "z": 0.75
  },
  "orientation": {
    "x": 0.0,
    "y": 0.0,
    "z": -0.07266332380497106,
    "w": 0.9973565267112929
  }
}