{
  "timestamp": 1755005758.0647929,
  "position": {
    "x": 5.017062664031982,
    "y": 0.9432603716850281,
    "z": 0.75
  },
  "orientation": {
    "x": 0.0,
    "y": 0.0,
    "z": 0.06343186171545374,
    "w": 0.9979861717074598
  }
}