{
  "timestamp": 1755005780.6647885,
  "position": {
    "x": 0.25395315885543823,
    "y": -0.33722272515296936,
    "z": 0.75
  },
  "orientation": {
    "x": 0.0,
    "y": 0.0,
    "z": -0.5573708107872326,
    "w": 0.8302636805752633
  }
}