{
  "timestamp": 1754574427.848659,
  "position": {
    "x": 0.1686074137687683,
    "y": 3.2722086906433105,
    "z": 0.75
  },
  "orientation": {
    "x": 0.0,
    "y": 0.0,
    "z": -0.373876351570308,
    "w": 0.9274785570224658
  }
}