{
  "timestamp": 1755491728.335502,
  "position": {
    "x": 0.23430368304252625,
    "y": -0.3604321777820587,
    "z": 0.75
  },
  "orientation": {
    "x": 0.0,
    "y": 0.0,
    "z": -0.5347738065521059,
    "w": 0.844995251954572
  }
}