{
  "timestamp": 1755257225.6664736,
  "position": {
    "x": 0.250423789024353,
    "y": -0.411897212266922,
    "z": 0.75
  },
  "orientation": {
    "x": 0.0,
    "y": 0.0,
    "z": -0.4947429534803753,
    "w": 0.8690393604328375
  }
}