{
  "timestamp": 1755005781.0647893,
  "position": {
    "x": 0.33028024435043335,
    "y": -0.5041494965553284,
    "z": 0.75
  },
  "orientation": {
    "x": 0.0,
    "y": 0.0,
    "z": -0.5233033797684101,
    "w": 0.8521464502789172
  }
}