{
  "timestamp": 1754574428.6486297,
  "position": {
    "x": -0.01828756555914879,
    "y": 3.4151506423950195,
    "z": 0.75
  },
  "orientation": {
    "x": 0.0,
    "y": 0.0,
    "z": -0.18809522696417677,
    "w": 0.9821507957504768
  }
}