{
  "timestamp": 1755257226.0664456,
  "position": {
    "x": 0.34092336893081665,
    "y": -0.5519653558731079,
    "z": 0.75
  },
  "orientation": {
    "x": 0.0,
    "y": 0.0,
    "z": -0.461914029550315,
    "w": 0.8869247032891748
  }
}