{
  "timestamp": 1755491728.935756,
  "position": {
    "x": 0.34495899081230164,
    "y": -0.560548722743988,
    "z": 0.75
  },
  "orientation": {
    "x": 0.0,
    "y": 0.0,
    "z": -0.4688830569522088,
    "w": 0.8832602554757866
  }
}