{
  "timestamp": 1754574429.648629,
  "position": {
    "x": -0.03864314779639244,
    "y": 3.4150726795196533,
    "z": 0.75
  },
  "orientation": {
    "x": 0.0,
    "y": 0.0,
    "z": 0.03323460688352217,
    "w": 0.9994475778675427
  }
}