{
  "timestamp": 1755257227.066431,
  "position": {
    "x": 0.36550983786582947,
    "y": -0.6118898391723633,
    "z": 0.75
  },
  "orientation": {
    "x": 0.0,
    "y": 0.0,
    "z": -0.6564083959276562,
    "w": 0.7544057381513487
  }
}