{
  "timestamp": 1755005782.0647955,
  "position": {
    "x": 0.36342766880989075,
    "y": -0.6275455355644226,
    "z": 0.75
  },
  "orientation": {
    "x": 0.0,
    "y": 0.0,
    "z": -0.6875898670270366,
    "w": 0.7260992871238355
  }
}