{
  "timestamp": 1755491729.935568,
  "position": {
    "x": 0.3636971116065979,
    "y": -0.5983827114105225,
    "z": 0.75
  },
  "orientation": {
    "x": 0.0,
    "y": 0.0,
    "z": -0.6412297254148709,
    "w": 0.7673489683607904
  }
}