{
  "timestamp": 1755491730.9354668,
  "position": {
    "x": 0.3721632659435272,
    "y": -0.8449633717536926,
    "z": 0.75
  },
  "orientation": {
    "x": 0.0,
    "y": 0.0,
    "z": -0.7602877285528707,
    "w": 0.6495864606131475
  }
}