{
  "timestamp": 1755005783.0648663,
  "position": {
    "x": 0.31873640418052673,
    "y": -1.0709031820297241,
    "z": 0.75
  },
  "orientation": {
    "x": 0.0,
    "y": 0.0,
    "z": -0.7766143650572502,
    "w": 0.6299762916068542
  }
}