{
  "timestamp": 1754574430.6536403,
  "position": {
    "x": -0.47960931062698364,
    "y": 3.3306117057800293,
    "z": 0.75
  },
  "orientation": {
    "x": 0.0,
    "y": 0.0,
    "z": 0.15591298463837566,
    "w": 0.987770793869283
  }
}