{
  "timestamp": 1755257228.0664413,
  "position": {
    "x": 0.3640769124031067,
    "y": -1.118074655532837,
    "z": 0.75
  },
  "orientation": {
    "x": 0.0,
    "y": 0.0,
    "z": -0.7755653592628458,
    "w": 0.6312672758123083
  }
}