{
  "timestamp": 1755491731.9355748,
  "position": {
    "x": 0.3007919192314148,
    "y": -1.1848024129867554,
    "z": 0.75
  },
  "orientation": {
    "x": 0.0,
    "y": 0.0,
    "z": -0.8464639012695414,
    "w": 0.5324461135622534
  }
}