{
  "timestamp": 1755005784.0647893,
  "position": {
    "x": 0.26879337430000305,
    "y": -1.2315033674240112,
    "z": 0.75
  },
  "orientation": {
    "x": 0.0,
    "y": 0.0,
    "z": -0.8797716432198953,
    "w": 0.4753965247939506
  }
}