{
  "timestamp": 1755257229.0664454,
  "position": {
    "x": 0.3435460031032562,
    "y": -1.160674810409546,
    "z": 0.75
  },
  "orientation": {
    "x": 0.0,
    "y": 0.0,
    "z": -0.8908560088053176,
    "w": 0.4542857818328237
  }
}