{
  "timestamp": 1754574431.6536257,
  "position": {
    "x": -0.6960471272468567,
    "y": 3.2820804119110107,
    "z": 0.75
  },
  "orientation": {
    "x": 0.0,
    "y": 0.0,
    "z": 0.033223362719674875,
    "w": 0.9994479517061391
  }
}