{
  "timestamp": 1754574390.0486274,
  "position": {
    "x": -0.4016108512878418,
    "y": -0.05979282781481743,
    "z": 0.75
  },
  "orientation": {
    "x": 0.0,
    "y": 0.0,
    "z": -0.15097422511261124,
    "w": 0.9885376995095567
  }
}