{
  "timestamp": 1754574390.6486344,
  "position": {
    "x": -0.5116379261016846,
    "y": -0.030048249289393425,
    "z": 0.75
  },
  "orientation": {
    "x": 0.0,
    "y": 0.0,
    "z": -0.13800071553070697,
    "w": 0.9904321291804971
  }
}