{
  "timestamp": 1754574391.6536229,
  "position": {
    "x": -0.9453845620155334,
    "y": 0.1529255211353302,
    "z": 0.75
  },
  "orientation": {
    "x": 0.0,
    "y": 0.0,
    "z": -0.2743339969795232,
    "w": 0.9616344721884916
  }
}