{
  "timestamp": 1754574392.6536071,
  "position": {
    "x": -1.1041208505630493,
    "y": 0.28051993250846863,
    "z": 0.75
  },
  "orientation": {
    "x": 0.0,
    "y": 0.0,
    "z": -0.3980839046104858,
    "w": 0.9173490093143774
  }
}