{
  "timestamp": 1755257214.4665482,
  "position": {
    "x": 0.6073593497276306,
    "y": 0.49650153517723083,
    "z": 0.75
  },
  "orientation": {
    "x": 0.0,
    "y": 0.0,
    "z": -0.3784337389871857,
    "w": 0.9256283839620405
  }
}