{
  "timestamp": 1755005772.264796,
  "position": {
    "x": 0.5713714361190796,
    "y": 0.45187896490097046,
    "z": 0.75
  },
  "orientation": {
    "x": 0.0,
    "y": 0.0,
    "z": -0.3431085152690846,
    "w": 0.9392957717087012
  }
}