{
  "timestamp": 1754574400.0536318,
  "position": {
    "x": -2.355003595352173,
    "y": 2.460599422454834,
    "z": 0.75
  },
  "orientation": {
    "x": 0.0,
    "y": 0.0,
    "z": -0.8148273576110935,
    "w": 0.5797036978392696
  }
}