{
  "timestamp": 1755491717.7355628,
  "position": {
    "x": 0.5677893161773682,
    "y": 0.4691926836967468,
    "z": 0.75
  },
  "orientation": {
    "x": 0.0,
    "y": 0.0,
    "z": -0.3378577154601164,
    "w": 0.9411971972461833
  }
}