{
  "timestamp": 1754574400.6536343,
  "position": {
    "x": -2.266597270965576,
    "y": 2.663616180419922,
    "z": 0.75
  },
  "orientation": {
    "x": 0.0,
    "y": 0.0,
    "z": -0.8505496187772936,
    "w": 0.5258948050682766
  }
}