{
  "timestamp": 1755491717.93552,
  "position": {
    "x": 0.5153501033782959,
    "y": 0.5140299797058105,
    "z": 0.75
  },
  "orientation": {
    "x": 0.0,
    "y": 0.0,
    "z": -0.3593009865773659,
    "w": 0.9332217319825613
  }
}