{
  "timestamp": 1755257215.0664265,
  "position": {
    "x": 0.4727974832057953,
    "y": 0.6396421790122986,
    "z": 0.75
  },
  "orientation": {
    "x": 0.0,
    "y": 0.0,
    "z": -0.4063304594118711,
    "w": 0.9137261940834014
  }
}