{
  "timestamp": 1755005773.064788,
  "position": {
    "x": 0.4061615467071533,
    "y": 0.6196902394294739,
    "z": 0.75
  },
  "orientation": {
    "x": 0.0,
    "y": 0.0,
    "z": -0.4349328107191629,
    "w": 0.9004629088196409
  }
}