{
  "timestamp": 1755491718.9355197,
  "position": {
    "x": 0.18062005937099457,
    "y": 0.8980761766433716,
    "z": 0.75
  },
  "orientation": {
    "x": 0.0,
    "y": 0.0,
    "z": -0.4379507373015176,
    "w": 0.8989989720222471
  }
}