{
  "timestamp": 1755257216.0664334,
  "position": {
    "x": 0.03366851434111595,
    "y": 1.1255005598068237,
    "z": 0.75
  },
  "orientation": {
    "x": 0.0,
    "y": 0.0,
    "z": -0.40587058256733805,
    "w": 0.9139305609325303
  }
}