{
  "timestamp": 1754574401.6536305,
  "position": {
    "x": -2.054530620574951,
    "y": 3.0935280323028564,
    "z": 0.75
  },
  "orientation": {
    "x": 0.0,
    "y": 0.0,
    "z": -0.8366580631372724,
    "w": 0.5477255566315926
  }
}