{
  "timestamp": 1755005774.0647995,
  "position": {
    "x": 0.04247432202100754,
    "y": 1.129629373550415,
    "z": 0.75
  },
  "orientation": {
    "x": 0.0,
    "y": 0.0,
    "z": -0.47527319706433147,
    "w": 0.8798382738618781
  }
}