{
  "timestamp": 1755257217.0664432,
  "position": {
    "x": -0.26802849769592285,
    "y": 1.4289913177490234,
    "z": 0.75
  },
  "orientation": {
    "x": 0.0,
    "y": 0.0,
    "z": -0.3361161957209951,
    "w": 0.9418205258827426
  }
}