{
  "timestamp": 1754574402.653625,
  "position": {
    "x": -1.9800602197647095,
    "y": 3.339005708694458,
    "z": 0.75
  },
  "orientation": {
    "x": 0.0,
    "y": 0.0,
    "z": -0.7426870464371954,
    "w": 0.6696386720122989
  }
}