{
  "timestamp": 1755491719.935513,
  "position": {
    "x": -0.13979694247245789,
    "y": 1.3245534896850586,
    "z": 0.75
  },
  "orientation": {
    "x": 0.0,
    "y": 0.0,
    "z": -0.4031125489656088,
    "w": 0.9151504099690114
  }
}