{
  "timestamp": 1755257154.4664333,
  "position": {
    "x": 3.8632466793060303,
    "y": -1.6054649353027344,
    "z": 0.75
  },
  "orientation": {
    "x": -0.0,
    "y": 0.0,
    "z": 0.9999999482538602,
    "w": 0.00032170215555860836
  }
}