{
  "timestamp": 1755005799.864783,
  "position": {
    "x": 3.912724256515503,
    "y": -1.5635100603103638,
    "z": 0.75
  },
  "orientation": {
    "x": 0.0,
    "y": 0.0,
    "z": -0.9997000309388637,
    "w": 0.02449179741943979
  }
}