{
  "timestamp": 1755005800.0647852,
  "position": {
    "x": 4.043277740478516,
    "y": -1.5588438510894775,
    "z": 0.75
  },
  "orientation": {
    "x": 0.0,
    "y": 0.0,
    "z": -0.9999926896165939,
    "w": 0.0038237041426325068
  }
}