{
  "timestamp": 1755257155.0664272,
  "position": {
    "x": 4.170213222503662,
    "y": -1.6166706085205078,
    "z": 0.75
  },
  "orientation": {
    "x": 0.0,
    "y": 0.0,
    "z": 0.9992147677310549,
    "w": 0.039621306744908415
  }
}