{
  "timestamp": 1755491656.935542,
  "position": {
    "x": 3.922325611114502,
    "y": -1.597008466720581,
    "z": 0.75
  },
  "orientation": {
    "x": 0.0,
    "y": 0.0,
    "z": -0.9996598343019513,
    "w": 0.026080944833257465
  }
}