{
  "timestamp": 1755491657.9355545,
  "position": {
    "x": 4.5017476081848145,
    "y": -1.6461657285690308,
    "z": 0.75
  },
  "orientation": {
    "x": 0.0,
    "y": 0.0,
    "z": 0.993964983723215,
    "w": 0.10969781735344127
  }
}