{
  "timestamp": 1755005801.064793,
  "position": {
    "x": 4.466921329498291,
    "y": -1.6024399995803833,
    "z": 0.75
  },
  "orientation": {
    "x": 0.0,
    "y": 0.0,
    "z": 0.9937504313790013,
    "w": 0.11162472904356296
  }
}