{
  "timestamp": 1755257156.0664394,
  "position": {
    "x": 4.720982074737549,
    "y": -1.7291761636734009,
    "z": 0.75
  },
  "orientation": {
    "x": 0.0,
    "y": 0.0,
    "z": 0.9940007225617674,
    "w": 0.10937350477462178
  }
}