{
  "timestamp": 1755491658.9355679,
  "position": {
    "x": 4.774662017822266,
    "y": -1.7115246057510376,
    "z": 0.75
  },
  "orientation": {
    "x": 0.0,
    "y": 0.0,
    "z": 0.9993328808104995,
    "w": 0.036521135401132124
  }
}