{
  "timestamp": 1754574379.4486454,
  "position": {
    "x": 0.9975596070289612,
    "y": 1.0378645658493042,
    "z": 0.75
  },
  "orientation": {
    "x": 0.0,
    "y": 0.0,
    "z": 0.8030326408785118,
    "w": 0.5959350448527785
  }
}