{
  "timestamp": 1754574379.6536222,
  "position": {
    "x": 0.9919513463973999,
    "y": 1.056227207183838,
    "z": 0.75
  },
  "orientation": {
    "x": 0.0,
    "y": 0.0,
    "z": 0.8036845644945707,
    "w": 0.5950555610975939
  }
}