{
  "timestamp": 1754574380.6536248,
  "position": {
    "x": 0.9411792159080505,
    "y": 1.2185583114624023,
    "z": 0.75
  },
  "orientation": {
    "x": 0.0,
    "y": 0.0,
    "z": 0.7688585125606917,
    "w": 0.6394189453425357
  }
}