{
  "timestamp": 1754574381.6536236,
  "position": {
    "x": 0.9723107814788818,
    "y": 0.642118513584137,
    "z": 0.75
  },
  "orientation": {
    "x": 0.0,
    "y": 0.0,
    "z": 0.7031543006648013,
    "w": 0.711037291185627
  }
}