{
  "timestamp": 1754574382.6486359,
  "position": {
    "x": 0.9686134457588196,
    "y": 0.3059890866279602,
    "z": 0.75
  },
  "orientation": {
    "x": 0.0,
    "y": 0.0,
    "z": 0.7032063004248448,
    "w": 0.7109858641652469
  }
}