{
  "timestamp": 1755491663.5355196,
  "position": {
    "x": 3.565295696258545,
    "y": -1.5943458080291748,
    "z": 0.75
  },
  "orientation": {
    "x": 0.0,
    "y": 0.0,
    "z": 0.996072976396287,
    "w": 0.0885360135371024
  }
}