{
  "timestamp": 1754574375.8486233,
  "position": {
    "x": 0.9295727610588074,
    "y": -0.12440001964569092,
    "z": 0.75
  },
  "orientation": {
    "x": 0.0,
    "y": 0.0,
    "z": 0.5060480652892687,
    "w": 0.8625052786023909
  }
}