{
  "timestamp": 1755257160.8664541,
  "position": {
    "x": 3.6567046642303467,
    "y": -1.556260347366333,
    "z": 0.75
  },
  "orientation": {
    "x": 0.0,
    "y": 0.0,
    "z": 0.9983912654509073,
    "w": 0.056699921263930676
  }
}