{
  "timestamp": 1755005806.0648515,
  "position": {
    "x": 3.5700724124908447,
    "y": -1.5911433696746826,
    "z": 0.75
  },
  "orientation": {
    "x": 0.0,
    "y": 0.0,
    "z": 0.9986325082036788,
    "w": 0.052279188582356174
  }
}