{
  "timestamp": 1755491663.9356897,
  "position": {
    "x": 3.392597198486328,
    "y": -1.5649245977401733,
    "z": 0.75
  },
  "orientation": {
    "x": 0.0,
    "y": 0.0,
    "z": 0.9975461195808993,
    "w": 0.07001242253407634
  }
}