{
  "timestamp": 1755257161.0664308,
  "position": {
    "x": 3.5487895011901855,
    "y": -1.5472983121871948,
    "z": 0.75
  },
  "orientation": {
    "x": 0.0,
    "y": 0.0,
    "z": 0.9995635176277531,
    "w": 0.029542752539880576
  }
}