{
  "timestamp": 1754574376.6536288,
  "position": {
    "x": 1.039632797241211,
    "y": 0.15564167499542236,
    "z": 0.75
  },
  "orientation": {
    "x": 0.0,
    "y": 0.0,
    "z": 0.6048344837382683,
    "w": 0.7963512085010372
  }
}