{
  "timestamp": 1754574377.6486273,
  "position": {
    "x": 1.0858278274536133,
    "y": 0.4614090323448181,
    "z": 0.75
  },
  "orientation": {
    "x": 0.0,
    "y": 0.0,
    "z": 0.7178923317167585,
    "w": 0.6961541496409223
  }
}