{
  "timestamp": 1755005807.0648956,
  "position": {
    "x": 3.1803386211395264,
    "y": -1.5606456995010376,
    "z": 0.75
  },
  "orientation": {
    "x": 0.0,
    "y": 0.0,
    "z": -0.9999888532776783,
    "w": 0.004721580285677666
  }
}