{
  "timestamp": 1755491664.9355142,
  "position": {
    "x": 3.1304104328155518,
    "y": -1.579831600189209,
    "z": 0.75
  },
  "orientation": {
    "x": 0.0,
    "y": 0.0,
    "z": -0.9969261763006427,
    "w": 0.07834665919220644
  }
}