{
  "timestamp": 1755257162.0665336,
  "position": {
    "x": 2.99100661277771,
    "y": -1.5937069654464722,
    "z": 0.75
  },
  "orientation": {
    "x": 0.0,
    "y": 0.0,
    "z": -0.9941841988079386,
    "w": 0.10769298417546598
  }
}