{
  "timestamp": 1754574378.6486595,
  "position": {
    "x": 1.0482591390609741,
    "y": 0.808351993560791,
    "z": 0.75
  },
  "orientation": {
    "x": 0.0,
    "y": 0.0,
    "z": 0.7614328788948803,
    "w": 0.6482437588884713
  }
}