{
  "timestamp": 1755491665.9355464,
  "position": {
    "x": 2.800408363342285,
    "y": -1.6443036794662476,
    "z": 0.75
  },
  "orientation": {
    "x": 0.0,
    "y": 0.0,
    "z": 0.9959888142861191,
    "w": 0.08947782863330193
  }
}