{
  "timestamp": 1755005808.064795,
  "position": {
    "x": 2.7603867053985596,
    "y": -1.5926403999328613,
    "z": 0.75
  },
  "orientation": {
    "x": 0.0,
    "y": 0.0,
    "z": 0.9941849690627559,
    "w": 0.10768587321318995
  }
}