{
  "timestamp": 1755257163.06648,
  "position": {
    "x": 2.7613906860351562,
    "y": -1.650269627571106,
    "z": 0.75
  },
  "orientation": {
    "x": 0.0,
    "y": 0.0,
    "z": 0.9955716190615392,
    "w": 0.09400612383874479
  }
}