{
  "timestamp": 1755491666.9355102,
  "position": {
    "x": 2.7113072872161865,
    "y": -1.5878214836120605,
    "z": 0.75
  },
  "orientation": {
    "x": 0.0,
    "y": 0.0,
    "z": 0.955922872632807,
    "w": 0.2936178836131111
  }
}