{
  "timestamp": 1755257164.0664363,
  "position": {
    "x": 2.711796522140503,
    "y": -1.623428463935852,
    "z": 0.75
  },
  "orientation": {
    "x": 0.0,
    "y": 0.0,
    "z": 0.9590331383870535,
    "w": 0.28329391005716786
  }
}