{
  "timestamp": 1755005809.0647857,
  "position": {
    "x": 2.7229390144348145,
    "y": -1.5683770179748535,
    "z": 0.75
  },
  "orientation": {
    "x": 0.0,
    "y": 0.0,
    "z": 0.9526344631547138,
    "w": 0.30411770683393335
  }
}