{
  "timestamp": 1754574386.048631,
  "position": {
    "x": 0.6608330607414246,
    "y": -0.427327424287796,
    "z": 0.75
  },
  "orientation": {
    "x": 0.0,
    "y": 0.0,
    "z": 0.1610025666349313,
    "w": 0.9869539875480339
  }
}