{
  "timestamp": 1754574386.653601,
  "position": {
    "x": 0.41579437255859375,
    "y": -0.4924408197402954,
    "z": 0.75
  },
  "orientation": {
    "x": 0.0,
    "y": 0.0,
    "z": 0.06477593292404613,
    "w": 0.997899833908103
  }
}