{
  "timestamp": 1754574387.6486778,
  "position": {
    "x": 0.40286269783973694,
    "y": -0.49119868874549866,
    "z": 0.75
  },
  "orientation": {
    "x": 0.0,
    "y": 0.0,
    "z": -0.17468084391870922,
    "w": 0.9846251077277318
  }
}