{
  "timestamp": 1754574388.6486664,
  "position": {
    "x": 0.015448682941496372,
    "y": -0.2822212874889374,
    "z": 0.75
  },
  "orientation": {
    "x": 0.0,
    "y": 0.0,
    "z": -0.2931630697456918,
    "w": 0.9560624532619627
  }
}