{
  "timestamp": 1754574389.6486323,
  "position": {
    "x": -0.2845366597175598,
    "y": -0.10290181636810303,
    "z": 0.75
  },
  "orientation": {
    "x": 0.0,
    "y": 0.0,
    "z": -0.19219777685575481,
    "w": 0.9813562118678953
  }
}