{
  "timestamp": 1754574418.6536348,
  "position": {
    "x": 0.47841545939445496,
    "y": 3.0171704292297363,
    "z": 0.75
  },
  "orientation": {
    "x": 0.0,
    "y": 0.0,
    "z": -0.26846580223873084,
    "w": 0.9632892156711372
  }
}