{
  "timestamp": 1754574419.653674,
  "position": {
    "x": 0.6934553980827332,
    "y": 2.87803316116333,
    "z": 0.75
  },
  "orientation": {
    "x": 0.0,
    "y": 0.0,
    "z": -0.3455084520113088,
    "w": 0.9384156379711226
  }
}