{
  "timestamp": 1754574420.653618,
  "position": {
    "x": 0.6945236921310425,
    "y": 2.8800175189971924,
    "z": 0.75
  },
  "orientation": {
    "x": 0.0,
    "y": 0.0,
    "z": -0.5558865815642933,
    "w": 0.8312581478919556
  }
}