{
  "timestamp": 1754574421.65363,
  "position": {
    "x": 0.650189220905304,
    "y": 3.1622254848480225,
    "z": 0.75
  },
  "orientation": {
    "x": 0.0,
    "y": 0.0,
    "z": -0.6752265897890585,
    "w": 0.7376103662787274
  }
}