{
  "timestamp": 1755005761.6649084,
  "position": {
    "x": 4.162519454956055,
    "y": 0.9211442470550537,
    "z": 0.75
  },
  "orientation": {
    "x": 0.0,
    "y": 0.0,
    "z": -0.03200828719284484,
    "w": 0.9994876035004038
  }
}