{
  "timestamp": 1755257202.8664339,
  "position": {
    "x": 4.092700481414795,
    "y": 0.9146517515182495,
    "z": 0.75
  },
  "orientation": {
    "x": 0.0,
    "y": 0.0,
    "z": -0.01883501935873837,
    "w": 0.9998226052884361
  }
}