{
  "timestamp": 1754574422.2536116,
  "position": {
    "x": 0.6505618691444397,
    "y": 3.5398905277252197,
    "z": 0.75
  },
  "orientation": {
    "x": 0.0,
    "y": 0.0,
    "z": -0.7369846869823099,
    "w": 0.6759094400536115
  }
}