{
  "timestamp": 1755491706.3355043,
  "position": {
    "x": 4.110062599182129,
    "y": 0.8411388397216797,
    "z": 0.75
  },
  "orientation": {
    "x": 0.0,
    "y": 0.0,
    "z": 0.00802960186308477,
    "w": 0.9999677622273232
  }
}