{
  "timestamp": 1755005762.0648696,
  "position": {
    "x": 3.9569616317749023,
    "y": 0.9338183403015137,
    "z": 0.75
  },
  "orientation": {
    "x": 0.0,
    "y": 0.0,
    "z": -0.0171214842069072,
    "w": 0.9998534166459365
  }
}