{
  "timestamp": 1755491706.9355218,
  "position": {
    "x": 3.862245798110962,
    "y": 0.850538432598114,
    "z": 0.75
  },
  "orientation": {
    "x": 0.0,
    "y": 0.0,
    "z": -0.029083333916740128,
    "w": 0.9995769903755726
  }
}