{
  "timestamp": 1754574422.6536295,
  "position": {
    "x": 0.6720216274261475,
    "y": 3.7102510929107666,
    "z": 0.75
  },
  "orientation": {
    "x": 0.0,
    "y": 0.0,
    "z": -0.7623099663366949,
    "w": 0.6472121099174112
  }
}