{
  "timestamp": 1755257203.0664284,
  "position": {
    "x": 3.9892613887786865,
    "y": 0.9182311296463013,
    "z": 0.75
  },
  "orientation": {
    "x": 0.0,
    "y": 0.0,
    "z": -0.015876214758159212,
    "w": 0.9998739649600608
  }
}