{
  "timestamp": 1754574423.653627,
  "position": {
    "x": 0.6403900980949402,
    "y": 3.5586981773376465,
    "z": 0.75
  },
  "orientation": {
    "x": 0.0,
    "y": 0.0,
    "z": -0.7733563645829371,
    "w": 0.6339715556387867
  }
}