{
  "timestamp": 1755257204.0664434,
  "position": {
    "x": 3.7689685821533203,
    "y": 0.909630298614502,
    "z": 0.75
  },
  "orientation": {
    "x": 0.0,
    "y": 0.0,
    "z": 0.09773601063857794,
    "w": 0.9952123754377534
  }
}