{
  "timestamp": 1755491707.9356146,
  "position": {
    "x": 3.3153889179229736,
    "y": 0.8097399473190308,
    "z": 0.75
  },
  "orientation": {
    "x": 0.0,
    "y": 0.0,
    "z": 0.0688393264192481,
    "w": 0.9976277598073062
  }
}