{
  "timestamp": 1755005763.064789,
  "position": {
    "x": 3.373039484024048,
    "y": 0.8686398267745972,
    "z": 0.75
  },
  "orientation": {
    "x": 0.0,
    "y": 0.0,
    "z": 0.10630558984722922,
    "w": 0.994333506207667
  }
}