{
  "timestamp": 1755257205.0664299,
  "position": {
    "x": 3.243361234664917,
    "y": 0.7670643329620361,
    "z": 0.75
  },
  "orientation": {
    "x": 0.0,
    "y": 0.0,
    "z": 0.1388097942631877,
    "w": 0.9903190602107037
  }
}